Designator,Mid X,Mid Y,Rotation,Layer
"J1",60.300000,4.590000,180.000000,bottom
"J3",22.567480,31.004920,0.000000,bottom
